ผนัง,แผ่น,จุด,ระยะจาก A (ม.),ระยะจากจุดก่อน (ม.),ตำแหน่ง
WL01,WD-02,P00,0.000,0.000,A / J09 / C1
WL01,WD-02,P01,0.060,0.060,J09+
WL01,WD-02,P02,0.100,0.040,C1+
WL01,WD-02,P03,0.501,0.401,W18L
WL01,WD-02,P04,1.001,0.500,W18R
WL01,WD-02,P05,2.660,1.659,W01L
WL01,WD-02,P06,3.160,0.500,W01R
WL01,WD-02,P07,3.440,0.280,J10-
WL01,WD-02,P08,3.500,0.060,J10
WL01,WD-02,P09,3.560,0.060,J10+
WL01,WD-02,P10,4.100,0.540,W02L
WL01,WD-02,P11,4.101,0.001,W16L
WL01,WD-02,P12,4.900,0.799,W02R
WL01,WD-02,P13,4.901,0.001,W16R
WL01,WD-02,P14,5.400,0.499,C2-
WL01,WD-02,P15,5.440,0.040,J13-
WL01,WD-02,P16,5.500,0.060,J13 / C2
WL01,WD-02,P17,5.560,0.060,J13+
WL01,WD-02,P18,5.600,0.040,C2+
WL01,WD-02,P19,6.100,0.500,W03L / W17L
WL01,WD-02,P20,6.900,0.800,W03R / W17R
WL01,WD-02,P21,7.440,0.540,J17-
WL01,WD-02,P22,7.500,0.060,J17
WL01,WD-02,P23,7.560,0.060,J17+
WL01,WD-02,P24,8.059,0.499,W04L
WL01,WD-02,P25,8.559,0.500,W04R
WL01,WD-02,P26,9.897,1.338,W05L
WL01,WD-02,P27,10.397,0.500,W05R
WL01,WD-02,P28,10.900,0.503,C3-
WL01,WD-02,P29,10.940,0.040,J02-
WL01,WD-02,P30,11.000,0.060,B / J02 / C3
WL02,WD-03,P00,0.000,0.000,A / J01 / C3
WL02,WD-03,P01,0.060,0.060,J01+
WL02,WD-03,P02,0.100,0.040,C3+
WL02,WD-03,P03,1.440,1.340,W07L
WL02,WD-03,P04,3.440,2.000,W07R
WL02,WD-03,P05,4.900,1.460,C9-
WL02,WD-03,P06,4.940,0.040,J03- / J19-
WL02,WD-03,P07,5.000,0.060,B / J03 / J19 / C9
WL03,WD-04,P00,0.000,0.000,A / J02 / J19 / C9
WL03,WD-04,P01,0.060,0.060,J02+
WL03,WD-04,P02,0.100,0.040,C9+
WL03,WD-04,P03,0.110,0.010,D01L
WL03,WD-04,P04,0.910,0.800,D01R
WL03,WD-04,P05,1.690,0.780,C10-
WL03,WD-04,P06,1.730,0.040,J04-
WL03,WD-04,P07,1.790,0.060,B / J04 / C10
WL04,WD-05,P00,0.000,0.000,A / J03 / C10
WL04,WD-05,P01,0.060,0.060,J03+
WL04,WD-05,P02,0.100,0.040,C10+
WL04,WD-05,P03,0.651,0.551,W09L
WL04,WD-05,P04,1.851,1.200,W09R
WL04,WD-05,P05,2.380,0.529,J20-
WL04,WD-05,P06,2.440,0.060,J20
WL04,WD-05,P07,2.500,0.060,J20+
WL04,WD-05,P08,3.100,0.600,W15L
WL04,WD-05,P09,3.900,0.800,W15R
WL04,WD-05,P10,4.280,0.380,C12-
WL04,WD-05,P11,4.320,0.040,J05-
WL04,WD-05,P12,4.380,0.060,B / J05 / C12
WL05,WD-06,P00,0.000,0.000,A / J04 / C12
WL05,WD-06,P01,0.060,0.060,J04+
WL05,WD-06,P02,0.100,0.040,C12+
WL05,WD-06,P03,0.495,0.395,W13L
WL05,WD-06,P04,1.295,0.800,W13R
WL05,WD-06,P05,1.690,0.395,C11-
WL05,WD-06,P06,1.730,0.040,J06- / J21-
WL05,WD-06,P07,1.790,0.060,B / J06 / J21 / C11
WL06,WD-07,P00,0.000,0.000,A / J05 / J21 / C11
WL06,WD-07,P01,0.060,0.060,J05+
WL06,WD-07,P02,0.100,0.040,C11+
WL06,WD-07,P03,0.441,0.341,W12L
WL06,WD-07,P04,2.441,2.000,W12R
WL06,WD-07,P05,3.400,0.959,C14-
WL06,WD-07,P06,3.440,0.040,J07-
WL06,WD-07,P07,3.500,0.060,B / J07 / C14
WL07,WD-08,P00,0.000,0.000,A / J06 / C14
WL07,WD-08,P01,0.060,0.060,J06+
WL07,WD-08,P02,0.100,0.040,C14+
WL07,WD-08,P03,1.015,0.915,W11L
WL07,WD-08,P04,1.515,0.500,W11R
WL07,WD-08,P05,3.970,2.455,W10L
WL07,WD-08,P06,4.470,0.500,W10R
WL07,WD-08,P07,5.400,0.930,C13-
WL07,WD-08,P08,5.440,0.040,J15-
WL07,WD-08,P09,5.500,0.060,B / J15 / C13
WL08,WD-09,P00,0.000,0.000,A / J16
WL08,WD-09,P01,1.560,1.560,W08L
WL08,WD-09,P02,2.060,0.500,W08R
WL08,WD-09,P03,2.400,0.340,C6-
WL08,WD-09,P04,2.440,0.040,J09-
WL08,WD-09,P05,2.500,0.060,B / J09 / C6
WL09,WD-10,P00,0.000,0.000,A / J08 / C6
WL09,WD-10,P01,0.060,0.060,J08+
WL09,WD-10,P02,0.100,0.040,C6+
WL09,WD-10,P03,1.500,1.400,W06L
WL09,WD-10,P04,3.500,2.000,W06R
WL09,WD-10,P05,4.900,1.400,C1-
WL09,WD-10,P06,4.940,0.040,J01-
WL09,WD-10,P07,5.000,0.060,B / J01 / C1
WL10,WD-11,P00,0.000,0.000,A / J01
WL10,WD-11,P01,0.060,0.060,J01+
WL10,WD-11,P02,2.880,2.820,J11-
WL10,WD-11,P03,2.940,0.060,B / J11
WL11,WD-12,P00,0.000,0.000,A / J10
WL11,WD-12,P01,0.060,0.060,J10+
WL11,WD-12,P02,0.250,0.190,D04L
WL11,WD-12,P03,0.950,0.700,D04R
WL11,WD-12,P04,1.900,0.950,C4-
WL11,WD-12,P05,1.940,0.040,J13- / J14-
WL11,WD-12,P06,2.000,0.060,B / J12 / J13 / J14 / C4
WL12,WD-13,P00,0.000,0.000,A / J11 / J13 / J14 / C4
WL12,WD-13,P01,0.060,0.060,J13+ / J14+
WL12,WD-13,P02,0.100,0.040,C4+
WL12,WD-13,P03,1.110,1.010,D05L
WL12,WD-13,P04,1.810,0.700,D05R
WL12,WD-13,P05,1.900,0.090,C5-
WL12,WD-13,P06,1.940,0.040,J17- / J18-
WL12,WD-13,P07,2.000,0.060,B / J17 / J18 / C5
WL13,WD-14,P00,0.000,0.000,A / J01 / C2
WL13,WD-14,P01,0.060,0.060,J01+
WL13,WD-14,P02,0.100,0.040,C2+
WL13,WD-14,P03,2.840,2.740,C4-
WL13,WD-14,P04,2.880,0.040,J11- / J12-
WL13,WD-14,P05,2.940,0.060,B / J11 / J12 / J14 / C4
WL14,WD-15,P00,0.000,0.000,A / J11 / J12 / J13 / C4
WL14,WD-15,P01,0.060,0.060,J11+ / J12+
WL14,WD-15,P02,0.100,0.040,C4+
WL14,WD-15,P03,0.610,0.510,D02L
WL14,WD-15,P04,1.410,0.800,D02R
WL14,WD-15,P05,1.960,0.550,C7-
WL14,WD-15,P06,2.000,0.040,J16-
WL14,WD-15,P07,2.060,0.060,B / J15 / J16 / C7
WL15,WD-16,P00,0.000,0.000,A / J14 / J16 / C7
WL15,WD-16,P01,0.060,0.060,J16+
WL15,WD-16,P02,0.100,0.040,C7+
WL15,WD-16,P03,1.011,0.911,D06L
WL15,WD-16,P04,2.011,1.000,D07L / D06R
WL15,WD-16,P05,3.011,1.000,D07R
WL15,WD-16,P06,3.810,0.799,C15-
WL15,WD-16,P07,3.910,0.100,C15
WL15,WD-16,P08,4.010,0.100,C15+
WL15,WD-16,P09,4.899,0.889,W14L
WL15,WD-16,P10,6.899,2.000,W14R
WL15,WD-16,P11,7.780,0.881,C13-
WL15,WD-16,P12,7.820,0.040,J07-
WL15,WD-16,P13,7.880,0.060,B / J07 / C13
WL16,WD-17,P00,0.000,0.000,A / J08
WL16,WD-17,P01,2.900,2.900,C7-
WL16,WD-17,P02,2.940,0.040,J14- / J15-
WL16,WD-17,P03,3.000,0.060,B / J14 / J15 / C7
WL17,WD-18,P00,0.000,0.000,A / J01
WL17,WD-18,P01,0.060,0.060,J01+
WL17,WD-18,P02,2.050,1.990,D09L
WL17,WD-18,P03,2.840,0.790,C5-
WL17,WD-18,P04,2.880,0.040,J12-
WL17,WD-18,P05,2.940,0.060,B / J12 / J18 / C5
WL18,WD-19,P00,0.000,0.000,A / J12 / J17 / C5
WL18,WD-19,P01,0.060,0.060,J12+
WL18,WD-19,P02,0.100,0.040,C5+
WL18,WD-19,P03,0.610,0.510,D03L
WL18,WD-19,P04,1.410,0.800,D03R
WL18,WD-19,P05,1.960,0.550,C8-
WL18,WD-19,P06,2.000,0.040,J19-
WL18,WD-19,P07,2.060,0.060,B / J19 / C8
WL19,WD-20,P00,0.000,0.000,A / J18 / C8
WL19,WD-20,P01,0.060,0.060,J18+
WL19,WD-20,P02,0.100,0.040,C8+
WL19,WD-20,P03,3.400,3.300,C9-
WL19,WD-20,P04,3.440,0.040,J02-
WL19,WD-20,P05,3.500,0.060,B / J02 / J03 / C9
WL20,WD-21,P00,0.000,0.000,A / J21
WL20,WD-21,P01,0.060,0.060,J21+
WL20,WD-21,P02,0.210,0.150,D08L
WL20,WD-21,P03,0.910,0.700,D08R
WL20,WD-21,P04,1.730,0.820,J04-
WL20,WD-21,P05,1.790,0.060,B / J04
WL21,WD-22,P00,0.000,0.000,A / J20
WL21,WD-22,P01,0.060,0.060,J20+
WL21,WD-22,P02,1.840,1.780,C11-
WL21,WD-22,P03,1.880,0.040,J05-
WL21,WD-22,P04,1.940,0.060,B / J05 / J06 / C11
